"0","seven_eight_brm <- brm(glucose ~ 1,"
"0","                 data=seven_eight,"
"0","                 family=gaussian(),"
"0","                 file=""Models/seven_eight_brm.rds"","
"0","                 file_refit=""on_change"")"
"0","                "
"0","saveRDS(seven_eight_brm, ""Models/seven_eight_brm.rds"")"
"0",""
"0","eight_seven_brm <- brm(glucose ~ 1,"
"0","                 data = eight_seven,"
"0","                 family = gaussian(),"
"0","                 file=""Models/eight_seven_brm.rds"","
"0","                 file_refit=""on_change"")"
"0",""
"0","saveRDS(eight_seven_brm, ""Models/eight_seven_brm.rds"")"
"0",""
"0","seven_seven_brm <- brm(glucose ~ 1,"
"0","                       data = seven_seven,"
"0","                       family=gaussian(),"
"0","                       file=""Models/seven_seven_brm.rds"","
"0","                       file_refit=""on_change"")"
"0",""
"0","saveRDS(seven_seven_brm, ""Models/seven_seven_brm.rds"")"
"0",""
"0","three_three_brm <- brm(glucose ~ 1,"
"0","                       data=three_three,"
"0","                       family=gaussian(),"
"0","                       file=""Models/three_three_brm.rds"","
"0","                       file_refit=""on_change"")"
"2","Compiling Stan program...
"
"2","Warning in system(paste(CXX, ARGS), ignore.stdout = TRUE, ignore.stderr = TRUE) :"
"2","
 "
"2"," '-E' not found
"
"2","Start sampling
"
"1","
"
"1",""
"1","SAMPLING"
"1",""
"1"," FOR MODEL '"
"1",""
"1","61346cb3c2b734bc4b976ce079784c4d"
"1",""
"1","' NOW (CHAIN "
"1",""
"1","1"
"1",""
"1",").
"
"1","Chain "
"1","1"
"1",": "
"1",""
"1","
"
"1","Chain "
"1","1"
"1",": "
"1","Gradient evaluation took 0 seconds"
"1","
"
"1","Chain "
"1","1"
"1",": "
"1","1000 transitions using 10 leapfrog steps per transition would take 0 seconds."
"1","
"
"1","Chain "
"1","1"
"1",": "
"1","Adjust your expectations accordingly!"
"1","
"
"1","Chain "
"1","1"
"1",": "
"1",""
"1","
"
"1","Chain "
"1","1"
"1",": "
"1",""
"1","
"
"1","Chain "
"1","1"
"1",": "
"1","Iteration:    1 / 2000 [  0%]  (Warmup)"
"1","
"
"1","Chain "
"1","1"
"1",": "
"1","Iteration:  200 / 2000 [ 10%]  (Warmup)"
"1","
"
"1","Chain "
"1","1"
"1",": "
"1","Iteration:  400 / 2000 [ 20%]  (Warmup)"
"1","
"
"1","Chain "
"1","1"
"1",": "
"1","Iteration:  600 / 2000 [ 30%]  (Warmup)"
"1","
"
"1","Chain "
"1","1"
"1",": "
"1","Iteration:  800 / 2000 [ 40%]  (Warmup)"
"1","
"
"1","Chain "
"1","1"
"1",": "
"1","Iteration: 1000 / 2000 [ 50%]  (Warmup)"
"1","
"
"1","Chain "
"1","1"
"1",": "
"1","Iteration: 1001 / 2000 [ 50%]  (Sampling)"
"1","
"
"1","Chain "
"1","1"
"1",": "
"1","Iteration: 1200 / 2000 [ 60%]  (Sampling)"
"1","
"
"1","Chain "
"1","1"
"1",": "
"1","Iteration: 1400 / 2000 [ 70%]  (Sampling)"
"1","
"
"1","Chain "
"1","1"
"1",": "
"1","Iteration: 1600 / 2000 [ 80%]  (Sampling)"
"1","
"
"1","Chain "
"1","1"
"1",": "
"1","Iteration: 1800 / 2000 [ 90%]  (Sampling)"
"1","
"
"1","Chain "
"1","1"
"1",": "
"1","Iteration: 2000 / 2000 [100%]  (Sampling)"
"1","
"
"1","Chain "
"1","1"
"1",": "
"1",""
"1","
"
"1","Chain "
"1","1"
"1",": "
"1"," Elapsed Time: 0.093 seconds (Warm-up)"
"1","
"
"1","Chain "
"1","1"
"1",": "
"1","               0.093 seconds (Sampling)"
"1","
"
"1","Chain "
"1","1"
"1",": "
"1","               0.186 seconds (Total)"
"1","
"
"1","Chain "
"1","1"
"1",": "
"1",""
"1","
"
"1","
"
"1",""
"1","SAMPLING"
"1",""
"1"," FOR MODEL '"
"1",""
"1","61346cb3c2b734bc4b976ce079784c4d"
"1",""
"1","' NOW (CHAIN "
"1",""
"1","2"
"1",""
"1",").
"
"1","Chain "
"1","2"
"1",": "
"1",""
"1","
"
"1","Chain "
"1","2"
"1",": "
"1","Gradient evaluation took 0 seconds"
"1","
"
"1","Chain "
"1","2"
"1",": "
"1","1000 transitions using 10 leapfrog steps per transition would take 0 seconds."
"1","
"
"1","Chain "
"1","2"
"1",": "
"1","Adjust your expectations accordingly!"
"1","
"
"1","Chain "
"1","2"
"1",": "
"1",""
"1","
"
"1","Chain "
"1","2"
"1",": "
"1",""
"1","
"
"1","Chain "
"1","2"
"1",": "
"1","Iteration:    1 / 2000 [  0%]  (Warmup)"
"1","
"
"1","Chain "
"1","2"
"1",": "
"1","Iteration:  200 / 2000 [ 10%]  (Warmup)"
"1","
"
"1","Chain "
"1","2"
"1",": "
"1","Iteration:  400 / 2000 [ 20%]  (Warmup)"
"1","
"
"1","Chain "
"1","2"
"1",": "
"1","Iteration:  600 / 2000 [ 30%]  (Warmup)"
"1","
"
"1","Chain "
"1","2"
"1",": "
"1","Iteration:  800 / 2000 [ 40%]  (Warmup)"
"1","
"
"1","Chain "
"1","2"
"1",": "
"1","Iteration: 1000 / 2000 [ 50%]  (Warmup)"
"1","
"
"1","Chain "
"1","2"
"1",": "
"1","Iteration: 1001 / 2000 [ 50%]  (Sampling)"
"1","
"
"1","Chain "
"1","2"
"1",": "
"1","Iteration: 1200 / 2000 [ 60%]  (Sampling)"
"1","
"
"1","Chain "
"1","2"
"1",": "
"1","Iteration: 1400 / 2000 [ 70%]  (Sampling)"
"1","
"
"1","Chain "
"1","2"
"1",": "
"1","Iteration: 1600 / 2000 [ 80%]  (Sampling)"
"1","
"
"1","Chain "
"1","2"
"1",": "
"1","Iteration: 1800 / 2000 [ 90%]  (Sampling)"
"1","
"
"1","Chain "
"1","2"
"1",": "
"1","Iteration: 2000 / 2000 [100%]  (Sampling)"
"1","
"
"1","Chain "
"1","2"
"1",": "
"1",""
"1","
"
"1","Chain "
"1","2"
"1",": "
"1"," Elapsed Time: 0.091 seconds (Warm-up)"
"1","
"
"1","Chain "
"1","2"
"1",": "
"1","               0.094 seconds (Sampling)"
"1","
"
"1","Chain "
"1","2"
"1",": "
"1","               0.185 seconds (Total)"
"1","
"
"1","Chain "
"1","2"
"1",": "
"1",""
"1","
"
"1","
"
"1",""
"1","SAMPLING"
"1",""
"1"," FOR MODEL '"
"1",""
"1","61346cb3c2b734bc4b976ce079784c4d"
"1",""
"1","' NOW (CHAIN "
"1",""
"1","3"
"1",""
"1",").
"
"1","Chain "
"1","3"
"1",": "
"1",""
"1","
"
"1","Chain "
"1","3"
"1",": "
"1","Gradient evaluation took 0 seconds"
"1","
"
"1","Chain "
"1","3"
"1",": "
"1","1000 transitions using 10 leapfrog steps per transition would take 0 seconds."
"1","
"
"1","Chain "
"1","3"
"1",": "
"1","Adjust your expectations accordingly!"
"1","
"
"1","Chain "
"1","3"
"1",": "
"1",""
"1","
"
"1","Chain "
"1","3"
"1",": "
"1",""
"1","
"
"1","Chain "
"1","3"
"1",": "
"1","Iteration:    1 / 2000 [  0%]  (Warmup)"
"1","
"
"1","Chain "
"1","3"
"1",": "
"1","Iteration:  200 / 2000 [ 10%]  (Warmup)"
"1","
"
"1","Chain "
"1","3"
"1",": "
"1","Iteration:  400 / 2000 [ 20%]  (Warmup)"
"1","
"
"1","Chain "
"1","3"
"1",": "
"1","Iteration:  600 / 2000 [ 30%]  (Warmup)"
"1","
"
"1","Chain "
"1","3"
"1",": "
"1","Iteration:  800 / 2000 [ 40%]  (Warmup)"
"1","
"
"1","Chain "
"1","3"
"1",": "
"1","Iteration: 1000 / 2000 [ 50%]  (Warmup)"
"1","
"
"1","Chain "
"1","3"
"1",": "
"1","Iteration: 1001 / 2000 [ 50%]  (Sampling)"
"1","
"
"1","Chain "
"1","3"
"1",": "
"1","Iteration: 1200 / 2000 [ 60%]  (Sampling)"
"1","
"
"1","Chain "
"1","3"
"1",": "
"1","Iteration: 1400 / 2000 [ 70%]  (Sampling)"
"1","
"
"1","Chain "
"1","3"
"1",": "
"1","Iteration: 1600 / 2000 [ 80%]  (Sampling)"
"1","
"
"1","Chain "
"1","3"
"1",": "
"1","Iteration: 1800 / 2000 [ 90%]  (Sampling)"
"1","
"
"1","Chain "
"1","3"
"1",": "
"1","Iteration: 2000 / 2000 [100%]  (Sampling)"
"1","
"
"1","Chain "
"1","3"
"1",": "
"1",""
"1","
"
"1","Chain "
"1","3"
"1",": "
"1"," Elapsed Time: 0.091 seconds (Warm-up)"
"1","
"
"1","Chain "
"1","3"
"1",": "
"1","               0.09 seconds (Sampling)"
"1","
"
"1","Chain "
"1","3"
"1",": "
"1","               0.181 seconds (Total)"
"1","
"
"1","Chain "
"1","3"
"1",": "
"1",""
"1","
"
"1","
"
"1",""
"1","SAMPLING"
"1",""
"1"," FOR MODEL '"
"1",""
"1","61346cb3c2b734bc4b976ce079784c4d"
"1",""
"1","' NOW (CHAIN "
"1",""
"1","4"
"1",""
"1",").
"
"1","Chain "
"1","4"
"1",": "
"1",""
"1","
"
"1","Chain "
"1","4"
"1",": "
"1","Gradient evaluation took 0 seconds"
"1","
"
"1","Chain "
"1","4"
"1",": "
"1","1000 transitions using 10 leapfrog steps per transition would take 0 seconds."
"1","
"
"1","Chain "
"1","4"
"1",": "
"1","Adjust your expectations accordingly!"
"1","
"
"1","Chain "
"1","4"
"1",": "
"1",""
"1","
"
"1","Chain "
"1","4"
"1",": "
"1",""
"1","
"
"1","Chain "
"1","4"
"1",": "
"1","Iteration:    1 / 2000 [  0%]  (Warmup)"
"1","
"
"1","Chain "
"1","4"
"1",": "
"1","Iteration:  200 / 2000 [ 10%]  (Warmup)"
"1","
"
"1","Chain "
"1","4"
"1",": "
"1","Iteration:  400 / 2000 [ 20%]  (Warmup)"
"1","
"
"1","Chain "
"1","4"
"1",": "
"1","Iteration:  600 / 2000 [ 30%]  (Warmup)"
"1","
"
"1","Chain "
"1","4"
"1",": "
"1","Iteration:  800 / 2000 [ 40%]  (Warmup)"
"1","
"
"1","Chain "
"1","4"
"1",": "
"1","Iteration: 1000 / 2000 [ 50%]  (Warmup)"
"1","
"
"1","Chain "
"1","4"
"1",": "
"1","Iteration: 1001 / 2000 [ 50%]  (Sampling)"
"1","
"
"1","Chain "
"1","4"
"1",": "
"1","Iteration: 1200 / 2000 [ 60%]  (Sampling)"
"1","
"
"1","Chain "
"1","4"
"1",": "
"1","Iteration: 1400 / 2000 [ 70%]  (Sampling)"
"1","
"
"1","Chain "
"1","4"
"1",": "
"1","Iteration: 1600 / 2000 [ 80%]  (Sampling)"
"1","
"
"1","Chain "
"1","4"
"1",": "
"1","Iteration: 1800 / 2000 [ 90%]  (Sampling)"
"1","
"
"1","Chain "
"1","4"
"1",": "
"1","Iteration: 2000 / 2000 [100%]  (Sampling)"
"1","
"
"1","Chain "
"1","4"
"1",": "
"1",""
"1","
"
"1","Chain "
"1","4"
"1",": "
"1"," Elapsed Time: 0.095 seconds (Warm-up)"
"1","
"
"1","Chain "
"1","4"
"1",": "
"1","               0.088 seconds (Sampling)"
"1","
"
"1","Chain "
"1","4"
"1",": "
"1","               0.183 seconds (Total)"
"1","
"
"1","Chain "
"1","4"
"1",": "
"1",""
"1","
"
"0","saveRDS(three_three_brm, ""Models/three_three_brm.rds"")"
"0",""
"0","five_five_brm <- brm(glucose ~ 1,"
"0","                     data=five_five,"
"0","                     family=gaussian(),"
"0","                     file=""Models/five_five_brm.rds"","
"0","                     file_refit=""on_change"")"
"2","Compiling Stan program...
"
"2","Warning in system(paste(CXX, ARGS), ignore.stdout = TRUE, ignore.stderr = TRUE) :"
"2","
 "
"2"," '-E' not found
"
"2","Start sampling
"
"1","
"
"1",""
"1","SAMPLING"
"1",""
"1"," FOR MODEL '"
"1",""
"1","348e611204664369e2be8793718db00f"
"1",""
"1","' NOW (CHAIN "
"1",""
"1","1"
"1",""
"1",").
"
"1","Chain "
"1","1"
"1",": "
"1",""
"1","
"
"1","Chain "
"1","1"
"1",": "
"1","Gradient evaluation took 0 seconds"
"1","
"
"1","Chain "
"1","1"
"1",": "
"1","1000 transitions using 10 leapfrog steps per transition would take 0 seconds."
"1","
"
"1","Chain "
"1","1"
"1",": "
"1","Adjust your expectations accordingly!"
"1","
"
"1","Chain "
"1","1"
"1",": "
"1",""
"1","
"
"1","Chain "
"1","1"
"1",": "
"1",""
"1","
"
"1","Chain "
"1","1"
"1",": "
"1","Iteration:    1 / 2000 [  0%]  (Warmup)"
"1","
"
"1","Chain "
"1","1"
"1",": "
"1","Iteration:  200 / 2000 [ 10%]  (Warmup)"
"1","
"
"1","Chain "
"1","1"
"1",": "
"1","Iteration:  400 / 2000 [ 20%]  (Warmup)"
"1","
"
"1","Chain "
"1","1"
"1",": "
"1","Iteration:  600 / 2000 [ 30%]  (Warmup)"
"1","
"
"1","Chain "
"1","1"
"1",": "
"1","Iteration:  800 / 2000 [ 40%]  (Warmup)"
"1","
"
"1","Chain "
"1","1"
"1",": "
"1","Iteration: 1000 / 2000 [ 50%]  (Warmup)"
"1","
"
"1","Chain "
"1","1"
"1",": "
"1","Iteration: 1001 / 2000 [ 50%]  (Sampling)"
"1","
"
"1","Chain "
"1","1"
"1",": "
"1","Iteration: 1200 / 2000 [ 60%]  (Sampling)"
"1","
"
"1","Chain "
"1","1"
"1",": "
"1","Iteration: 1400 / 2000 [ 70%]  (Sampling)"
"1","
"
"1","Chain "
"1","1"
"1",": "
"1","Iteration: 1600 / 2000 [ 80%]  (Sampling)"
"1","
"
"1","Chain "
"1","1"
"1",": "
"1","Iteration: 1800 / 2000 [ 90%]  (Sampling)"
"1","
"
"1","Chain "
"1","1"
"1",": "
"1","Iteration: 2000 / 2000 [100%]  (Sampling)"
"1","
"
"1","Chain "
"1","1"
"1",": "
"1",""
"1","
"
"1","Chain "
"1","1"
"1",": "
"1"," Elapsed Time: 0.105 seconds (Warm-up)"
"1","
"
"1","Chain "
"1","1"
"1",": "
"1","               0.087 seconds (Sampling)"
"1","
"
"1","Chain "
"1","1"
"1",": "
"1","               0.192 seconds (Total)"
"1","
"
"1","Chain "
"1","1"
"1",": "
"1",""
"1","
"
"1","
"
"1",""
"1","SAMPLING"
"1",""
"1"," FOR MODEL '"
"1",""
"1","348e611204664369e2be8793718db00f"
"1",""
"1","' NOW (CHAIN "
"1",""
"1","2"
"1",""
"1",").
"
"1","Chain "
"1","2"
"1",": "
"1",""
"1","
"
"1","Chain "
"1","2"
"1",": "
"1","Gradient evaluation took 0 seconds"
"1","
"
"1","Chain "
"1","2"
"1",": "
"1","1000 transitions using 10 leapfrog steps per transition would take 0 seconds."
"1","
"
"1","Chain "
"1","2"
"1",": "
"1","Adjust your expectations accordingly!"
"1","
"
"1","Chain "
"1","2"
"1",": "
"1",""
"1","
"
"1","Chain "
"1","2"
"1",": "
"1",""
"1","
"
"1","Chain "
"1","2"
"1",": "
"1","Iteration:    1 / 2000 [  0%]  (Warmup)"
"1","
"
"1","Chain "
"1","2"
"1",": "
"1","Iteration:  200 / 2000 [ 10%]  (Warmup)"
"1","
"
"1","Chain "
"1","2"
"1",": "
"1","Iteration:  400 / 2000 [ 20%]  (Warmup)"
"1","
"
"1","Chain "
"1","2"
"1",": "
"1","Iteration:  600 / 2000 [ 30%]  (Warmup)"
"1","
"
"1","Chain "
"1","2"
"1",": "
"1","Iteration:  800 / 2000 [ 40%]  (Warmup)"
"1","
"
"1","Chain "
"1","2"
"1",": "
"1","Iteration: 1000 / 2000 [ 50%]  (Warmup)"
"1","
"
"1","Chain "
"1","2"
"1",": "
"1","Iteration: 1001 / 2000 [ 50%]  (Sampling)"
"1","
"
"1","Chain "
"1","2"
"1",": "
"1","Iteration: 1200 / 2000 [ 60%]  (Sampling)"
"1","
"
"1","Chain "
"1","2"
"1",": "
"1","Iteration: 1400 / 2000 [ 70%]  (Sampling)"
"1","
"
"1","Chain "
"1","2"
"1",": "
"1","Iteration: 1600 / 2000 [ 80%]  (Sampling)"
"1","
"
"1","Chain "
"1","2"
"1",": "
"1","Iteration: 1800 / 2000 [ 90%]  (Sampling)"
"1","
"
"1","Chain "
"1","2"
"1",": "
"1","Iteration: 2000 / 2000 [100%]  (Sampling)"
"1","
"
"1","Chain "
"1","2"
"1",": "
"1",""
"1","
"
"1","Chain "
"1","2"
"1",": "
"1"," Elapsed Time: 0.102 seconds (Warm-up)"
"1","
"
"1","Chain "
"1","2"
"1",": "
"1","               0.094 seconds (Sampling)"
"1","
"
"1","Chain "
"1","2"
"1",": "
"1","               0.196 seconds (Total)"
"1","
"
"1","Chain "
"1","2"
"1",": "
"1",""
"1","
"
"1","
"
"1",""
"1","SAMPLING"
"1",""
"1"," FOR MODEL '"
"1",""
"1","348e611204664369e2be8793718db00f"
"1",""
"1","' NOW (CHAIN "
"1",""
"1","3"
"1",""
"1",").
"
"1","Chain "
"1","3"
"1",": "
"1",""
"1","
"
"1","Chain "
"1","3"
"1",": "
"1","Gradient evaluation took 0 seconds"
"1","
"
"1","Chain "
"1","3"
"1",": "
"1","1000 transitions using 10 leapfrog steps per transition would take 0 seconds."
"1","
"
"1","Chain "
"1","3"
"1",": "
"1","Adjust your expectations accordingly!"
"1","
"
"1","Chain "
"1","3"
"1",": "
"1",""
"1","
"
"1","Chain "
"1","3"
"1",": "
"1",""
"1","
"
"1","Chain "
"1","3"
"1",": "
"1","Iteration:    1 / 2000 [  0%]  (Warmup)"
"1","
"
"1","Chain "
"1","3"
"1",": "
"1","Iteration:  200 / 2000 [ 10%]  (Warmup)"
"1","
"
"1","Chain "
"1","3"
"1",": "
"1","Iteration:  400 / 2000 [ 20%]  (Warmup)"
"1","
"
"1","Chain "
"1","3"
"1",": "
"1","Iteration:  600 / 2000 [ 30%]  (Warmup)"
"1","
"
"1","Chain "
"1","3"
"1",": "
"1","Iteration:  800 / 2000 [ 40%]  (Warmup)"
"1","
"
"1","Chain "
"1","3"
"1",": "
"1","Iteration: 1000 / 2000 [ 50%]  (Warmup)"
"1","
"
"1","Chain "
"1","3"
"1",": "
"1","Iteration: 1001 / 2000 [ 50%]  (Sampling)"
"1","
"
"1","Chain "
"1","3"
"1",": "
"1","Iteration: 1200 / 2000 [ 60%]  (Sampling)"
"1","
"
"1","Chain "
"1","3"
"1",": "
"1","Iteration: 1400 / 2000 [ 70%]  (Sampling)"
"1","
"
"1","Chain "
"1","3"
"1",": "
"1","Iteration: 1600 / 2000 [ 80%]  (Sampling)"
"1","
"
"1","Chain "
"1","3"
"1",": "
"1","Iteration: 1800 / 2000 [ 90%]  (Sampling)"
"1","
"
"1","Chain "
"1","3"
"1",": "
"1","Iteration: 2000 / 2000 [100%]  (Sampling)"
"1","
"
"1","Chain "
"1","3"
"1",": "
"1",""
"1","
"
"1","Chain "
"1","3"
"1",": "
"1"," Elapsed Time: 0.085 seconds (Warm-up)"
"1","
"
"1","Chain "
"1","3"
"1",": "
"1","               0.091 seconds (Sampling)"
"1","
"
"1","Chain "
"1","3"
"1",": "
"1","               0.176 seconds (Total)"
"1","
"
"1","Chain "
"1","3"
"1",": "
"1",""
"1","
"
"1","
"
"1",""
"1","SAMPLING"
"1",""
"1"," FOR MODEL '"
"1",""
"1","348e611204664369e2be8793718db00f"
"1",""
"1","' NOW (CHAIN "
"1",""
"1","4"
"1",""
"1",").
"
"1","Chain "
"1","4"
"1",": "
"1",""
"1","
"
"1","Chain "
"1","4"
"1",": "
"1","Gradient evaluation took 0 seconds"
"1","
"
"1","Chain "
"1","4"
"1",": "
"1","1000 transitions using 10 leapfrog steps per transition would take 0 seconds."
"1","
"
"1","Chain "
"1","4"
"1",": "
"1","Adjust your expectations accordingly!"
"1","
"
"1","Chain "
"1","4"
"1",": "
"1",""
"1","
"
"1","Chain "
"1","4"
"1",": "
"1",""
"1","
"
"1","Chain "
"1","4"
"1",": "
"1","Iteration:    1 / 2000 [  0%]  (Warmup)"
"1","
"
"1","Chain "
"1","4"
"1",": "
"1","Iteration:  200 / 2000 [ 10%]  (Warmup)"
"1","
"
"1","Chain "
"1","4"
"1",": "
"1","Iteration:  400 / 2000 [ 20%]  (Warmup)"
"1","
"
"1","Chain "
"1","4"
"1",": "
"1","Iteration:  600 / 2000 [ 30%]  (Warmup)"
"1","
"
"1","Chain "
"1","4"
"1",": "
"1","Iteration:  800 / 2000 [ 40%]  (Warmup)"
"1","
"
"1","Chain "
"1","4"
"1",": "
"1","Iteration: 1000 / 2000 [ 50%]  (Warmup)"
"1","
"
"1","Chain "
"1","4"
"1",": "
"1","Iteration: 1001 / 2000 [ 50%]  (Sampling)"
"1","
"
"1","Chain "
"1","4"
"1",": "
"1","Iteration: 1200 / 2000 [ 60%]  (Sampling)"
"1","
"
"1","Chain "
"1","4"
"1",": "
"1","Iteration: 1400 / 2000 [ 70%]  (Sampling)"
"1","
"
"1","Chain "
"1","4"
"1",": "
"1","Iteration: 1600 / 2000 [ 80%]  (Sampling)"
"1","
"
"1","Chain "
"1","4"
"1",": "
"1","Iteration: 1800 / 2000 [ 90%]  (Sampling)"
"1","
"
"1","Chain "
"1","4"
"1",": "
"1","Iteration: 2000 / 2000 [100%]  (Sampling)"
"1","
"
"1","Chain "
"1","4"
"1",": "
"1",""
"1","
"
"1","Chain "
"1","4"
"1",": "
"1"," Elapsed Time: 0.09 seconds (Warm-up)"
"1","
"
"1","Chain "
"1","4"
"1",": "
"1","               0.078 seconds (Sampling)"
"1","
"
"1","Chain "
"1","4"
"1",": "
"1","               0.168 seconds (Total)"
"1","
"
"1","Chain "
"1","4"
"1",": "
"1",""
"1","
"
"0","saveRDS(five_five_brm, ""Models/five_five_brm.rds"")"
"0",""
"0","six_six_brm <- brm(glucose ~ 1,"
"0","                   data=six_six,"
"0","                   family=gaussian(),"
"0","                   file=""Models/six_six_brm.rds"","
"0","                   file_refit=""on_change"")"
"2","Compiling Stan program...
"
"2","Warning in system(paste(CXX, ARGS), ignore.stdout = TRUE, ignore.stderr = TRUE) :"
"2","
 "
"2"," '-E' not found
"
"2","recompiling to avoid crashing R session
"
"2","Start sampling
"
"1","
"
"1",""
"1","SAMPLING"
"1",""
"1"," FOR MODEL '"
"1",""
"1","61346cb3c2b734bc4b976ce079784c4d"
"1",""
"1","' NOW (CHAIN "
"1",""
"1","1"
"1",""
"1",").
"
"1","Chain "
"1","1"
"1",": "
"1",""
"1","
"
"1","Chain "
"1","1"
"1",": "
"1","Gradient evaluation took 0 seconds"
"1","
"
"1","Chain "
"1","1"
"1",": "
"1","1000 transitions using 10 leapfrog steps per transition would take 0 seconds."
"1","
"
"1","Chain "
"1","1"
"1",": "
"1","Adjust your expectations accordingly!"
"1","
"
"1","Chain "
"1","1"
"1",": "
"1",""
"1","
"
"1","Chain "
"1","1"
"1",": "
"1",""
"1","
"
"1","Chain "
"1","1"
"1",": "
"1","Iteration:    1 / 2000 [  0%]  (Warmup)"
"1","
"
"1","Chain "
"1","1"
"1",": "
"1","Iteration:  200 / 2000 [ 10%]  (Warmup)"
"1","
"
"1","Chain "
"1","1"
"1",": "
"1","Iteration:  400 / 2000 [ 20%]  (Warmup)"
"1","
"
"1","Chain "
"1","1"
"1",": "
"1","Iteration:  600 / 2000 [ 30%]  (Warmup)"
"1","
"
"1","Chain "
"1","1"
"1",": "
"1","Iteration:  800 / 2000 [ 40%]  (Warmup)"
"1","
"
"1","Chain "
"1","1"
"1",": "
"1","Iteration: 1000 / 2000 [ 50%]  (Warmup)"
"1","
"
"1","Chain "
"1","1"
"1",": "
"1","Iteration: 1001 / 2000 [ 50%]  (Sampling)"
"1","
"
"1","Chain "
"1","1"
"1",": "
"1","Iteration: 1200 / 2000 [ 60%]  (Sampling)"
"1","
"
"1","Chain "
"1","1"
"1",": "
"1","Iteration: 1400 / 2000 [ 70%]  (Sampling)"
"1","
"
"1","Chain "
"1","1"
"1",": "
"1","Iteration: 1600 / 2000 [ 80%]  (Sampling)"
"1","
"
"1","Chain "
"1","1"
"1",": "
"1","Iteration: 1800 / 2000 [ 90%]  (Sampling)"
"1","
"
"1","Chain "
"1","1"
"1",": "
"1","Iteration: 2000 / 2000 [100%]  (Sampling)"
"1","
"
"1","Chain "
"1","1"
"1",": "
"1",""
"1","
"
"1","Chain "
"1","1"
"1",": "
"1"," Elapsed Time: 0.09 seconds (Warm-up)"
"1","
"
"1","Chain "
"1","1"
"1",": "
"1","               0.082 seconds (Sampling)"
"1","
"
"1","Chain "
"1","1"
"1",": "
"1","               0.172 seconds (Total)"
"1","
"
"1","Chain "
"1","1"
"1",": "
"1",""
"1","
"
"1","
"
"1",""
"1","SAMPLING"
"1",""
"1"," FOR MODEL '"
"1",""
"1","61346cb3c2b734bc4b976ce079784c4d"
"1",""
"1","' NOW (CHAIN "
"1",""
"1","2"
"1",""
"1",").
"
"1","Chain "
"1","2"
"1",": "
"1",""
"1","
"
"1","Chain "
"1","2"
"1",": "
"1","Gradient evaluation took 0 seconds"
"1","
"
"1","Chain "
"1","2"
"1",": "
"1","1000 transitions using 10 leapfrog steps per transition would take 0 seconds."
"1","
"
"1","Chain "
"1","2"
"1",": "
"1","Adjust your expectations accordingly!"
"1","
"
"1","Chain "
"1","2"
"1",": "
"1",""
"1","
"
"1","Chain "
"1","2"
"1",": "
"1",""
"1","
"
"1","Chain "
"1","2"
"1",": "
"1","Iteration:    1 / 2000 [  0%]  (Warmup)"
"1","
"
"1","Chain "
"1","2"
"1",": "
"1","Iteration:  200 / 2000 [ 10%]  (Warmup)"
"1","
"
"1","Chain "
"1","2"
"1",": "
"1","Iteration:  400 / 2000 [ 20%]  (Warmup)"
"1","
"
"1","Chain "
"1","2"
"1",": "
"1","Iteration:  600 / 2000 [ 30%]  (Warmup)"
"1","
"
"1","Chain "
"1","2"
"1",": "
"1","Iteration:  800 / 2000 [ 40%]  (Warmup)"
"1","
"
"1","Chain "
"1","2"
"1",": "
"1","Iteration: 1000 / 2000 [ 50%]  (Warmup)"
"1","
"
"1","Chain "
"1","2"
"1",": "
"1","Iteration: 1001 / 2000 [ 50%]  (Sampling)"
"1","
"
"1","Chain "
"1","2"
"1",": "
"1","Iteration: 1200 / 2000 [ 60%]  (Sampling)"
"1","
"
"1","Chain "
"1","2"
"1",": "
"1","Iteration: 1400 / 2000 [ 70%]  (Sampling)"
"1","
"
"1","Chain "
"1","2"
"1",": "
"1","Iteration: 1600 / 2000 [ 80%]  (Sampling)"
"1","
"
"1","Chain "
"1","2"
"1",": "
"1","Iteration: 1800 / 2000 [ 90%]  (Sampling)"
"1","
"
"1","Chain "
"1","2"
"1",": "
"1","Iteration: 2000 / 2000 [100%]  (Sampling)"
"1","
"
"1","Chain "
"1","2"
"1",": "
"1",""
"1","
"
"1","Chain "
"1","2"
"1",": "
"1"," Elapsed Time: 0.102 seconds (Warm-up)"
"1","
"
"1","Chain "
"1","2"
"1",": "
"1","               0.092 seconds (Sampling)"
"1","
"
"1","Chain "
"1","2"
"1",": "
"1","               0.194 seconds (Total)"
"1","
"
"1","Chain "
"1","2"
"1",": "
"1",""
"1","
"
"1","
"
"1",""
"1","SAMPLING"
"1",""
"1"," FOR MODEL '"
"1",""
"1","61346cb3c2b734bc4b976ce079784c4d"
"1",""
"1","' NOW (CHAIN "
"1",""
"1","3"
"1",""
"1",").
"
"1","Chain "
"1","3"
"1",": "
"1",""
"1","
"
"1","Chain "
"1","3"
"1",": "
"1","Gradient evaluation took 0 seconds"
"1","
"
"1","Chain "
"1","3"
"1",": "
"1","1000 transitions using 10 leapfrog steps per transition would take 0 seconds."
"1","
"
"1","Chain "
"1","3"
"1",": "
"1","Adjust your expectations accordingly!"
"1","
"
"1","Chain "
"1","3"
"1",": "
"1",""
"1","
"
"1","Chain "
"1","3"
"1",": "
"1",""
"1","
"
"1","Chain "
"1","3"
"1",": "
"1","Iteration:    1 / 2000 [  0%]  (Warmup)"
"1","
"
"1","Chain "
"1","3"
"1",": "
"1","Iteration:  200 / 2000 [ 10%]  (Warmup)"
"1","
"
"1","Chain "
"1","3"
"1",": "
"1","Iteration:  400 / 2000 [ 20%]  (Warmup)"
"1","
"
"1","Chain "
"1","3"
"1",": "
"1","Iteration:  600 / 2000 [ 30%]  (Warmup)"
"1","
"
"1","Chain "
"1","3"
"1",": "
"1","Iteration:  800 / 2000 [ 40%]  (Warmup)"
"1","
"
"1","Chain "
"1","3"
"1",": "
"1","Iteration: 1000 / 2000 [ 50%]  (Warmup)"
"1","
"
"1","Chain "
"1","3"
"1",": "
"1","Iteration: 1001 / 2000 [ 50%]  (Sampling)"
"1","
"
"1","Chain "
"1","3"
"1",": "
"1","Iteration: 1200 / 2000 [ 60%]  (Sampling)"
"1","
"
"1","Chain "
"1","3"
"1",": "
"1","Iteration: 1400 / 2000 [ 70%]  (Sampling)"
"1","
"
"1","Chain "
"1","3"
"1",": "
"1","Iteration: 1600 / 2000 [ 80%]  (Sampling)"
"1","
"
"1","Chain "
"1","3"
"1",": "
"1","Iteration: 1800 / 2000 [ 90%]  (Sampling)"
"1","
"
"1","Chain "
"1","3"
"1",": "
"1","Iteration: 2000 / 2000 [100%]  (Sampling)"
"1","
"
"1","Chain "
"1","3"
"1",": "
"1",""
"1","
"
"1","Chain "
"1","3"
"1",": "
"1"," Elapsed Time: 0.086 seconds (Warm-up)"
"1","
"
"1","Chain "
"1","3"
"1",": "
"1","               0.093 seconds (Sampling)"
"1","
"
"1","Chain "
"1","3"
"1",": "
"1","               0.179 seconds (Total)"
"1","
"
"1","Chain "
"1","3"
"1",": "
"1",""
"1","
"
"1","
"
"1",""
"1","SAMPLING"
"1",""
"1"," FOR MODEL '"
"1",""
"1","61346cb3c2b734bc4b976ce079784c4d"
"1",""
"1","' NOW (CHAIN "
"1",""
"1","4"
"1",""
"1",").
"
"1","Chain "
"1","4"
"1",": "
"1",""
"1","
"
"1","Chain "
"1","4"
"1",": "
"1","Gradient evaluation took 0 seconds"
"1","
"
"1","Chain "
"1","4"
"1",": "
"1","1000 transitions using 10 leapfrog steps per transition would take 0 seconds."
"1","
"
"1","Chain "
"1","4"
"1",": "
"1","Adjust your expectations accordingly!"
"1","
"
"1","Chain "
"1","4"
"1",": "
"1",""
"1","
"
"1","Chain "
"1","4"
"1",": "
"1",""
"1","
"
"1","Chain "
"1","4"
"1",": "
"1","Iteration:    1 / 2000 [  0%]  (Warmup)"
"1","
"
"1","Chain "
"1","4"
"1",": "
"1","Iteration:  200 / 2000 [ 10%]  (Warmup)"
"1","
"
"1","Chain "
"1","4"
"1",": "
"1","Iteration:  400 / 2000 [ 20%]  (Warmup)"
"1","
"
"1","Chain "
"1","4"
"1",": "
"1","Iteration:  600 / 2000 [ 30%]  (Warmup)"
"1","
"
"1","Chain "
"1","4"
"1",": "
"1","Iteration:  800 / 2000 [ 40%]  (Warmup)"
"1","
"
"1","Chain "
"1","4"
"1",": "
"1","Iteration: 1000 / 2000 [ 50%]  (Warmup)"
"1","
"
"1","Chain "
"1","4"
"1",": "
"1","Iteration: 1001 / 2000 [ 50%]  (Sampling)"
"1","
"
"1","Chain "
"1","4"
"1",": "
"1","Iteration: 1200 / 2000 [ 60%]  (Sampling)"
"1","
"
"1","Chain "
"1","4"
"1",": "
"1","Iteration: 1400 / 2000 [ 70%]  (Sampling)"
"1","
"
"1","Chain "
"1","4"
"1",": "
"1","Iteration: 1600 / 2000 [ 80%]  (Sampling)"
"1","
"
"1","Chain "
"1","4"
"1",": "
"1","Iteration: 1800 / 2000 [ 90%]  (Sampling)"
"1","
"
"1","Chain "
"1","4"
"1",": "
"1","Iteration: 2000 / 2000 [100%]  (Sampling)"
"1","
"
"1","Chain "
"1","4"
"1",": "
"1",""
"1","
"
"1","Chain "
"1","4"
"1",": "
"1"," Elapsed Time: 0.094 seconds (Warm-up)"
"1","
"
"1","Chain "
"1","4"
"1",": "
"1","               0.078 seconds (Sampling)"
"1","
"
"1","Chain "
"1","4"
"1",": "
"1","               0.172 seconds (Total)"
"1","
"
"1","Chain "
"1","4"
"1",": "
"1",""
"1","
"
"0","saveRDS(six_six_brm, ""Models/six_six_brm.rds"")"
"0",""
"0","six_seven_brm <- brm(glucose ~ 1,"
"0","                     data=six_seven,"
"0","                     family=gaussian(),"
"0","                     file=""Models/six_seven_brm.rds"","
"0","                     file_refit=""on_change"")"
"2","Compiling Stan program...
"
"2","Warning in system(paste(CXX, ARGS), ignore.stdout = TRUE, ignore.stderr = TRUE) :"
"2","
 "
"2"," '-E' not found
"
"2","Start sampling
"
"1","
"
"1",""
"1","SAMPLING"
"1",""
"1"," FOR MODEL '"
"1",""
"1","c871d60cb3ec2ef4d65600866e78b943"
"1",""
"1","' NOW (CHAIN "
"1",""
"1","1"
"1",""
"1",").
"
"1","Chain "
"1","1"
"1",": "
"1",""
"1","
"
"1","Chain "
"1","1"
"1",": "
"1","Gradient evaluation took 0 seconds"
"1","
"
"1","Chain "
"1","1"
"1",": "
"1","1000 transitions using 10 leapfrog steps per transition would take 0 seconds."
"1","
"
"1","Chain "
"1","1"
"1",": "
"1","Adjust your expectations accordingly!"
"1","
"
"1","Chain "
"1","1"
"1",": "
"1",""
"1","
"
"1","Chain "
"1","1"
"1",": "
"1",""
"1","
"
"1","Chain "
"1","1"
"1",": "
"1","Iteration:    1 / 2000 [  0%]  (Warmup)"
"1","
"
"1","Chain "
"1","1"
"1",": "
"1","Iteration:  200 / 2000 [ 10%]  (Warmup)"
"1","
"
"1","Chain "
"1","1"
"1",": "
"1","Iteration:  400 / 2000 [ 20%]  (Warmup)"
"1","
"
"1","Chain "
"1","1"
"1",": "
"1","Iteration:  600 / 2000 [ 30%]  (Warmup)"
"1","
"
"1","Chain "
"1","1"
"1",": "
"1","Iteration:  800 / 2000 [ 40%]  (Warmup)"
"1","
"
"1","Chain "
"1","1"
"1",": "
"1","Iteration: 1000 / 2000 [ 50%]  (Warmup)"
"1","
"
"1","Chain "
"1","1"
"1",": "
"1","Iteration: 1001 / 2000 [ 50%]  (Sampling)"
"1","
"
"1","Chain "
"1","1"
"1",": "
"1","Iteration: 1200 / 2000 [ 60%]  (Sampling)"
"1","
"
"1","Chain "
"1","1"
"1",": "
"1","Iteration: 1400 / 2000 [ 70%]  (Sampling)"
"1","
"
"1","Chain "
"1","1"
"1",": "
"1","Iteration: 1600 / 2000 [ 80%]  (Sampling)"
"1","
"
"1","Chain "
"1","1"
"1",": "
"1","Iteration: 1800 / 2000 [ 90%]  (Sampling)"
"1","
"
"1","Chain "
"1","1"
"1",": "
"1","Iteration: 2000 / 2000 [100%]  (Sampling)"
"1","
"
"1","Chain "
"1","1"
"1",": "
"1",""
"1","
"
"1","Chain "
"1","1"
"1",": "
"1"," Elapsed Time: 0.097 seconds (Warm-up)"
"1","
"
"1","Chain "
"1","1"
"1",": "
"1","               0.075 seconds (Sampling)"
"1","
"
"1","Chain "
"1","1"
"1",": "
"1","               0.172 seconds (Total)"
"1","
"
"1","Chain "
"1","1"
"1",": "
"1",""
"1","
"
"1","
"
"1",""
"1","SAMPLING"
"1",""
"1"," FOR MODEL '"
"1",""
"1","c871d60cb3ec2ef4d65600866e78b943"
"1",""
"1","' NOW (CHAIN "
"1",""
"1","2"
"1",""
"1",").
"
"1","Chain "
"1","2"
"1",": "
"1",""
"1","
"
"1","Chain "
"1","2"
"1",": "
"1","Gradient evaluation took 0 seconds"
"1","
"
"1","Chain "
"1","2"
"1",": "
"1","1000 transitions using 10 leapfrog steps per transition would take 0 seconds."
"1","
"
"1","Chain "
"1","2"
"1",": "
"1","Adjust your expectations accordingly!"
"1","
"
"1","Chain "
"1","2"
"1",": "
"1",""
"1","
"
"1","Chain "
"1","2"
"1",": "
"1",""
"1","
"
"1","Chain "
"1","2"
"1",": "
"1","Iteration:    1 / 2000 [  0%]  (Warmup)"
"1","
"
"1","Chain "
"1","2"
"1",": "
"1","Iteration:  200 / 2000 [ 10%]  (Warmup)"
"1","
"
"1","Chain "
"1","2"
"1",": "
"1","Iteration:  400 / 2000 [ 20%]  (Warmup)"
"1","
"
"1","Chain "
"1","2"
"1",": "
"1","Iteration:  600 / 2000 [ 30%]  (Warmup)"
"1","
"
"1","Chain "
"1","2"
"1",": "
"1","Iteration:  800 / 2000 [ 40%]  (Warmup)"
"1","
"
"1","Chain "
"1","2"
"1",": "
"1","Iteration: 1000 / 2000 [ 50%]  (Warmup)"
"1","
"
"1","Chain "
"1","2"
"1",": "
"1","Iteration: 1001 / 2000 [ 50%]  (Sampling)"
"1","
"
"1","Chain "
"1","2"
"1",": "
"1","Iteration: 1200 / 2000 [ 60%]  (Sampling)"
"1","
"
"1","Chain "
"1","2"
"1",": "
"1","Iteration: 1400 / 2000 [ 70%]  (Sampling)"
"1","
"
"1","Chain "
"1","2"
"1",": "
"1","Iteration: 1600 / 2000 [ 80%]  (Sampling)"
"1","
"
"1","Chain "
"1","2"
"1",": "
"1","Iteration: 1800 / 2000 [ 90%]  (Sampling)"
"1","
"
"1","Chain "
"1","2"
"1",": "
"1","Iteration: 2000 / 2000 [100%]  (Sampling)"
"1","
"
"1","Chain "
"1","2"
"1",": "
"1",""
"1","
"
"1","Chain "
"1","2"
"1",": "
"1"," Elapsed Time: 0.088 seconds (Warm-up)"
"1","
"
"1","Chain "
"1","2"
"1",": "
"1","               0.102 seconds (Sampling)"
"1","
"
"1","Chain "
"1","2"
"1",": "
"1","               0.19 seconds (Total)"
"1","
"
"1","Chain "
"1","2"
"1",": "
"1",""
"1","
"
"1","
"
"1",""
"1","SAMPLING"
"1",""
"1"," FOR MODEL '"
"1",""
"1","c871d60cb3ec2ef4d65600866e78b943"
"1",""
"1","' NOW (CHAIN "
"1",""
"1","3"
"1",""
"1",").
"
"1","Chain "
"1","3"
"1",": "
"1",""
"1","
"
"1","Chain "
"1","3"
"1",": "
"1","Gradient evaluation took 0 seconds"
"1","
"
"1","Chain "
"1","3"
"1",": "
"1","1000 transitions using 10 leapfrog steps per transition would take 0 seconds."
"1","
"
"1","Chain "
"1","3"
"1",": "
"1","Adjust your expectations accordingly!"
"1","
"
"1","Chain "
"1","3"
"1",": "
"1",""
"1","
"
"1","Chain "
"1","3"
"1",": "
"1",""
"1","
"
"1","Chain "
"1","3"
"1",": "
"1","Iteration:    1 / 2000 [  0%]  (Warmup)"
"1","
"
"1","Chain "
"1","3"
"1",": "
"1","Iteration:  200 / 2000 [ 10%]  (Warmup)"
"1","
"
"1","Chain "
"1","3"
"1",": "
"1","Iteration:  400 / 2000 [ 20%]  (Warmup)"
"1","
"
"1","Chain "
"1","3"
"1",": "
"1","Iteration:  600 / 2000 [ 30%]  (Warmup)"
"1","
"
"1","Chain "
"1","3"
"1",": "
"1","Iteration:  800 / 2000 [ 40%]  (Warmup)"
"1","
"
"1","Chain "
"1","3"
"1",": "
"1","Iteration: 1000 / 2000 [ 50%]  (Warmup)"
"1","
"
"1","Chain "
"1","3"
"1",": "
"1","Iteration: 1001 / 2000 [ 50%]  (Sampling)"
"1","
"
"1","Chain "
"1","3"
"1",": "
"1","Iteration: 1200 / 2000 [ 60%]  (Sampling)"
"1","
"
"1","Chain "
"1","3"
"1",": "
"1","Iteration: 1400 / 2000 [ 70%]  (Sampling)"
"1","
"
"1","Chain "
"1","3"
"1",": "
"1","Iteration: 1600 / 2000 [ 80%]  (Sampling)"
"1","
"
"1","Chain "
"1","3"
"1",": "
"1","Iteration: 1800 / 2000 [ 90%]  (Sampling)"
"1","
"
"1","Chain "
"1","3"
"1",": "
"1","Iteration: 2000 / 2000 [100%]  (Sampling)"
"1","
"
"1","Chain "
"1","3"
"1",": "
"1",""
"1","
"
"1","Chain "
"1","3"
"1",": "
"1"," Elapsed Time: 0.098 seconds (Warm-up)"
"1","
"
"1","Chain "
"1","3"
"1",": "
"1","               0.083 seconds (Sampling)"
"1","
"
"1","Chain "
"1","3"
"1",": "
"1","               0.181 seconds (Total)"
"1","
"
"1","Chain "
"1","3"
"1",": "
"1",""
"1","
"
"1","
"
"1",""
"1","SAMPLING"
"1",""
"1"," FOR MODEL '"
"1",""
"1","c871d60cb3ec2ef4d65600866e78b943"
"1",""
"1","' NOW (CHAIN "
"1",""
"1","4"
"1",""
"1",").
"
"1","Chain "
"1","4"
"1",": "
"1",""
"1","
"
"1","Chain "
"1","4"
"1",": "
"1","Gradient evaluation took 0 seconds"
"1","
"
"1","Chain "
"1","4"
"1",": "
"1","1000 transitions using 10 leapfrog steps per transition would take 0 seconds."
"1","
"
"1","Chain "
"1","4"
"1",": "
"1","Adjust your expectations accordingly!"
"1","
"
"1","Chain "
"1","4"
"1",": "
"1",""
"1","
"
"1","Chain "
"1","4"
"1",": "
"1",""
"1","
"
"1","Chain "
"1","4"
"1",": "
"1","Iteration:    1 / 2000 [  0%]  (Warmup)"
"1","
"
"1","Chain "
"1","4"
"1",": "
"1","Iteration:  200 / 2000 [ 10%]  (Warmup)"
"1","
"
"1","Chain "
"1","4"
"1",": "
"1","Iteration:  400 / 2000 [ 20%]  (Warmup)"
"1","
"
"1","Chain "
"1","4"
"1",": "
"1","Iteration:  600 / 2000 [ 30%]  (Warmup)"
"1","
"
"1","Chain "
"1","4"
"1",": "
"1","Iteration:  800 / 2000 [ 40%]  (Warmup)"
"1","
"
"1","Chain "
"1","4"
"1",": "
"1","Iteration: 1000 / 2000 [ 50%]  (Warmup)"
"1","
"
"1","Chain "
"1","4"
"1",": "
"1","Iteration: 1001 / 2000 [ 50%]  (Sampling)"
"1","
"
"1","Chain "
"1","4"
"1",": "
"1","Iteration: 1200 / 2000 [ 60%]  (Sampling)"
"1","
"
"1","Chain "
"1","4"
"1",": "
"1","Iteration: 1400 / 2000 [ 70%]  (Sampling)"
"1","
"
"1","Chain "
"1","4"
"1",": "
"1","Iteration: 1600 / 2000 [ 80%]  (Sampling)"
"1","
"
"1","Chain "
"1","4"
"1",": "
"1","Iteration: 1800 / 2000 [ 90%]  (Sampling)"
"1","
"
"1","Chain "
"1","4"
"1",": "
"1","Iteration: 2000 / 2000 [100%]  (Sampling)"
"1","
"
"1","Chain "
"1","4"
"1",": "
"1",""
"1","
"
"1","Chain "
"1","4"
"1",": "
"1"," Elapsed Time: 0.105 seconds (Warm-up)"
"1","
"
"1","Chain "
"1","4"
"1",": "
"1","               0.086 seconds (Sampling)"
"1","
"
"1","Chain "
"1","4"
"1",": "
"1","               0.191 seconds (Total)"
"1","
"
"1","Chain "
"1","4"
"1",": "
"1",""
"1","
"
"0","saveRDS(six_seven_brm, ""Models/six_seven_brm.rds"")"
"0",""
"0","seven_six_brm <- brm(glucose ~ 1,"
"0","                     data=seven_six,"
"0","                     family=gaussian(),"
"0","                     file=""Models/seven_six_brm.rds"","
"0","                     file_refit=""on_change"")"
"2","Compiling Stan program...
"
"2","Warning in system(paste(CXX, ARGS), ignore.stdout = TRUE, ignore.stderr = TRUE) :"
"2","
 "
"2"," '-E' not found
"
"2","Start sampling
"
"1","
"
"1",""
"1","SAMPLING"
"1",""
"1"," FOR MODEL '"
"1",""
"1","ba9207cac70a74e3446b0052f99e5db0"
"1",""
"1","' NOW (CHAIN "
"1",""
"1","1"
"1",""
"1",").
"
"1","Chain "
"1","1"
"1",": "
"1",""
"1","
"
"1","Chain "
"1","1"
"1",": "
"1","Gradient evaluation took 0 seconds"
"1","
"
"1","Chain "
"1","1"
"1",": "
"1","1000 transitions using 10 leapfrog steps per transition would take 0 seconds."
"1","
"
"1","Chain "
"1","1"
"1",": "
"1","Adjust your expectations accordingly!"
"1","
"
"1","Chain "
"1","1"
"1",": "
"1",""
"1","
"
"1","Chain "
"1","1"
"1",": "
"1",""
"1","
"
"1","Chain "
"1","1"
"1",": "
"1","Iteration:    1 / 2000 [  0%]  (Warmup)"
"1","
"
"1","Chain "
"1","1"
"1",": "
"1","Iteration:  200 / 2000 [ 10%]  (Warmup)"
"1","
"
"1","Chain "
"1","1"
"1",": "
"1","Iteration:  400 / 2000 [ 20%]  (Warmup)"
"1","
"
"1","Chain "
"1","1"
"1",": "
"1","Iteration:  600 / 2000 [ 30%]  (Warmup)"
"1","
"
"1","Chain "
"1","1"
"1",": "
"1","Iteration:  800 / 2000 [ 40%]  (Warmup)"
"1","
"
"1","Chain "
"1","1"
"1",": "
"1","Iteration: 1000 / 2000 [ 50%]  (Warmup)"
"1","
"
"1","Chain "
"1","1"
"1",": "
"1","Iteration: 1001 / 2000 [ 50%]  (Sampling)"
"1","
"
"1","Chain "
"1","1"
"1",": "
"1","Iteration: 1200 / 2000 [ 60%]  (Sampling)"
"1","
"
"1","Chain "
"1","1"
"1",": "
"1","Iteration: 1400 / 2000 [ 70%]  (Sampling)"
"1","
"
"1","Chain "
"1","1"
"1",": "
"1","Iteration: 1600 / 2000 [ 80%]  (Sampling)"
"1","
"
"1","Chain "
"1","1"
"1",": "
"1","Iteration: 1800 / 2000 [ 90%]  (Sampling)"
"1","
"
"1","Chain "
"1","1"
"1",": "
"1","Iteration: 2000 / 2000 [100%]  (Sampling)"
"1","
"
"1","Chain "
"1","1"
"1",": "
"1",""
"1","
"
"1","Chain "
"1","1"
"1",": "
"1"," Elapsed Time: 0.08 seconds (Warm-up)"
"1","
"
"1","Chain "
"1","1"
"1",": "
"1","               0.085 seconds (Sampling)"
"1","
"
"1","Chain "
"1","1"
"1",": "
"1","               0.165 seconds (Total)"
"1","
"
"1","Chain "
"1","1"
"1",": "
"1",""
"1","
"
"1","
"
"1",""
"1","SAMPLING"
"1",""
"1"," FOR MODEL '"
"1",""
"1","ba9207cac70a74e3446b0052f99e5db0"
"1",""
"1","' NOW (CHAIN "
"1",""
"1","2"
"1",""
"1",").
"
"1","Chain "
"1","2"
"1",": "
"1",""
"1","
"
"1","Chain "
"1","2"
"1",": "
"1","Gradient evaluation took 0 seconds"
"1","
"
"1","Chain "
"1","2"
"1",": "
"1","1000 transitions using 10 leapfrog steps per transition would take 0 seconds."
"1","
"
"1","Chain "
"1","2"
"1",": "
"1","Adjust your expectations accordingly!"
"1","
"
"1","Chain "
"1","2"
"1",": "
"1",""
"1","
"
"1","Chain "
"1","2"
"1",": "
"1",""
"1","
"
"1","Chain "
"1","2"
"1",": "
"1","Iteration:    1 / 2000 [  0%]  (Warmup)"
"1","
"
"1","Chain "
"1","2"
"1",": "
"1","Iteration:  200 / 2000 [ 10%]  (Warmup)"
"1","
"
"1","Chain "
"1","2"
"1",": "
"1","Iteration:  400 / 2000 [ 20%]  (Warmup)"
"1","
"
"1","Chain "
"1","2"
"1",": "
"1","Iteration:  600 / 2000 [ 30%]  (Warmup)"
"1","
"
"1","Chain "
"1","2"
"1",": "
"1","Iteration:  800 / 2000 [ 40%]  (Warmup)"
"1","
"
"1","Chain "
"1","2"
"1",": "
"1","Iteration: 1000 / 2000 [ 50%]  (Warmup)"
"1","
"
"1","Chain "
"1","2"
"1",": "
"1","Iteration: 1001 / 2000 [ 50%]  (Sampling)"
"1","
"
"1","Chain "
"1","2"
"1",": "
"1","Iteration: 1200 / 2000 [ 60%]  (Sampling)"
"1","
"
"1","Chain "
"1","2"
"1",": "
"1","Iteration: 1400 / 2000 [ 70%]  (Sampling)"
"1","
"
"1","Chain "
"1","2"
"1",": "
"1","Iteration: 1600 / 2000 [ 80%]  (Sampling)"
"1","
"
"1","Chain "
"1","2"
"1",": "
"1","Iteration: 1800 / 2000 [ 90%]  (Sampling)"
"1","
"
"1","Chain "
"1","2"
"1",": "
"1","Iteration: 2000 / 2000 [100%]  (Sampling)"
"1","
"
"1","Chain "
"1","2"
"1",": "
"1",""
"1","
"
"1","Chain "
"1","2"
"1",": "
"1"," Elapsed Time: 0.092 seconds (Warm-up)"
"1","
"
"1","Chain "
"1","2"
"1",": "
"1","               0.095 seconds (Sampling)"
"1","
"
"1","Chain "
"1","2"
"1",": "
"1","               0.187 seconds (Total)"
"1","
"
"1","Chain "
"1","2"
"1",": "
"1",""
"1","
"
"1","
"
"1",""
"1","SAMPLING"
"1",""
"1"," FOR MODEL '"
"1",""
"1","ba9207cac70a74e3446b0052f99e5db0"
"1",""
"1","' NOW (CHAIN "
"1",""
"1","3"
"1",""
"1",").
"
"1","Chain "
"1","3"
"1",": "
"1",""
"1","
"
"1","Chain "
"1","3"
"1",": "
"1","Gradient evaluation took 0 seconds"
"1","
"
"1","Chain "
"1","3"
"1",": "
"1","1000 transitions using 10 leapfrog steps per transition would take 0 seconds."
"1","
"
"1","Chain "
"1","3"
"1",": "
"1","Adjust your expectations accordingly!"
"1","
"
"1","Chain "
"1","3"
"1",": "
"1",""
"1","
"
"1","Chain "
"1","3"
"1",": "
"1",""
"1","
"
"1","Chain "
"1","3"
"1",": "
"1","Iteration:    1 / 2000 [  0%]  (Warmup)"
"1","
"
"1","Chain "
"1","3"
"1",": "
"1","Iteration:  200 / 2000 [ 10%]  (Warmup)"
"1","
"
"1","Chain "
"1","3"
"1",": "
"1","Iteration:  400 / 2000 [ 20%]  (Warmup)"
"1","
"
"1","Chain "
"1","3"
"1",": "
"1","Iteration:  600 / 2000 [ 30%]  (Warmup)"
"1","
"
"1","Chain "
"1","3"
"1",": "
"1","Iteration:  800 / 2000 [ 40%]  (Warmup)"
"1","
"
"1","Chain "
"1","3"
"1",": "
"1","Iteration: 1000 / 2000 [ 50%]  (Warmup)"
"1","
"
"1","Chain "
"1","3"
"1",": "
"1","Iteration: 1001 / 2000 [ 50%]  (Sampling)"
"1","
"
"1","Chain "
"1","3"
"1",": "
"1","Iteration: 1200 / 2000 [ 60%]  (Sampling)"
"1","
"
"1","Chain "
"1","3"
"1",": "
"1","Iteration: 1400 / 2000 [ 70%]  (Sampling)"
"1","
"
"1","Chain "
"1","3"
"1",": "
"1","Iteration: 1600 / 2000 [ 80%]  (Sampling)"
"1","
"
"1","Chain "
"1","3"
"1",": "
"1","Iteration: 1800 / 2000 [ 90%]  (Sampling)"
"1","
"
"1","Chain "
"1","3"
"1",": "
"1","Iteration: 2000 / 2000 [100%]  (Sampling)"
"1","
"
"1","Chain "
"1","3"
"1",": "
"1",""
"1","
"
"1","Chain "
"1","3"
"1",": "
"1"," Elapsed Time: 0.07 seconds (Warm-up)"
"1","
"
"1","Chain "
"1","3"
"1",": "
"1","               0.063 seconds (Sampling)"
"1","
"
"1","Chain "
"1","3"
"1",": "
"1","               0.133 seconds (Total)"
"1","
"
"1","Chain "
"1","3"
"1",": "
"1",""
"1","
"
"1","
"
"1",""
"1","SAMPLING"
"1",""
"1"," FOR MODEL '"
"1",""
"1","ba9207cac70a74e3446b0052f99e5db0"
"1",""
"1","' NOW (CHAIN "
"1",""
"1","4"
"1",""
"1",").
"
"1","Chain "
"1","4"
"1",": "
"1",""
"1","
"
"1","Chain "
"1","4"
"1",": "
"1","Gradient evaluation took 0 seconds"
"1","
"
"1","Chain "
"1","4"
"1",": "
"1","1000 transitions using 10 leapfrog steps per transition would take 0 seconds."
"1","
"
"1","Chain "
"1","4"
"1",": "
"1","Adjust your expectations accordingly!"
"1","
"
"1","Chain "
"1","4"
"1",": "
"1",""
"1","
"
"1","Chain "
"1","4"
"1",": "
"1",""
"1","
"
"1","Chain "
"1","4"
"1",": "
"1","Iteration:    1 / 2000 [  0%]  (Warmup)"
"1","
"
"1","Chain "
"1","4"
"1",": "
"1","Iteration:  200 / 2000 [ 10%]  (Warmup)"
"1","
"
"1","Chain "
"1","4"
"1",": "
"1","Iteration:  400 / 2000 [ 20%]  (Warmup)"
"1","
"
"1","Chain "
"1","4"
"1",": "
"1","Iteration:  600 / 2000 [ 30%]  (Warmup)"
"1","
"
"1","Chain "
"1","4"
"1",": "
"1","Iteration:  800 / 2000 [ 40%]  (Warmup)"
"1","
"
"1","Chain "
"1","4"
"1",": "
"1","Iteration: 1000 / 2000 [ 50%]  (Warmup)"
"1","
"
"1","Chain "
"1","4"
"1",": "
"1","Iteration: 1001 / 2000 [ 50%]  (Sampling)"
"1","
"
"1","Chain "
"1","4"
"1",": "
"1","Iteration: 1200 / 2000 [ 60%]  (Sampling)"
"1","
"
"1","Chain "
"1","4"
"1",": "
"1","Iteration: 1400 / 2000 [ 70%]  (Sampling)"
"1","
"
"1","Chain "
"1","4"
"1",": "
"1","Iteration: 1600 / 2000 [ 80%]  (Sampling)"
"1","
"
"1","Chain "
"1","4"
"1",": "
"1","Iteration: 1800 / 2000 [ 90%]  (Sampling)"
"1","
"
"1","Chain "
"1","4"
"1",": "
"1","Iteration: 2000 / 2000 [100%]  (Sampling)"
"1","
"
"1","Chain "
"1","4"
"1",": "
"1",""
"1","
"
"1","Chain "
"1","4"
"1",": "
"1"," Elapsed Time: 0.091 seconds (Warm-up)"
"1","
"
"1","Chain "
"1","4"
"1",": "
"1","               0.09 seconds (Sampling)"
"1","
"
"1","Chain "
"1","4"
"1",": "
"1","               0.181 seconds (Total)"
"1","
"
"1","Chain "
"1","4"
"1",": "
"1",""
"1","
"
"0","saveRDS(seven_six_brm, ""Models/seven_six_brm.rds"")"
